INSERT INTO goods (id, name) VALUES (1, 'good1');
INSERT INTO goods (id, name) VALUES (2, 'good2');
INSERT INTO goods (id, name) VALUES (3, 'good3');
INSERT INTO materials (id,name) VALUES (1, 'material1');
INSERT INTO materials (id,name) VALUES (2, 'material2');
INSERT INTO materials (id,name) VALUES (3, 'material3');
INSERT INTO materials (id,name) VALUES (4, 'material4');
INSERT INTO materials (id,name) VALUES (5, 'material5');
INSERT INTO materials (id,name) VALUES (6, 'material6');
INSERT INTO materials (id,name) VALUES (7, 'material7');
INSERT INTO materials (id,name) VALUES (8, 'material8');
INSERT INTO materials (id,name) VALUES (9, 'material9');
INSERT INTO materials (id,name) VALUES (10, 'material10');
INSERT INTO materials (id,name) VALUES (11, 'material11');
INSERT INTO materials (id,name) VALUES (12, 'material12');
INSERT INTO materials_to_goods(id, count,good_id, material_id) VALUES (1, 2, 1, 1);
INSERT INTO materials_to_goods (id,count,good_id,material_id  ) VALUES (2, 1, 1, 2);INSERT INTO    materials_to_goods   (  id  ,   count  ,   good_id  ,   material_id  ) VALUES (3, 10, 1, 5);INSERT INTO    materials_to_goods   (  id  ,   count  ,   good_id  ,   material_id  ) VALUES (4, 5, 1, 6);INSERT INTO    materials_to_goods   (  id  ,   count  ,   good_id  ,   material_id  ) VALUES (5, 3, 1, 7);INSERT INTO    materials_to_goods   (  id  ,   count  ,   good_id  ,   material_id  ) VALUES (6, 6, 1, 8);INSERT INTO    materials_to_goods   (  id  ,   count  ,   good_id  ,   material_id  ) VALUES (7, 3, 2, 1);INSERT INTO    materials_to_goods   (  id  ,   count  ,   good_id  ,   material_id  ) VALUES (8, 2, 2, 2);INSERT INTO    materials_to_goods   (  id  ,   count  ,   good_id  ,   material_id  ) VALUES (9, 6, 2, 3);INSERT INTO    materials_to_goods   (  id  ,   count  ,   good_id  ,   material_id  ) VALUES (10, 7, 2, 4);INSERT INTO    materials_to_goods   (  id  ,   count  ,   good_id  ,   material_id  ) VALUES (11, 5, 2, 9);INSERT INTO    materials_to_goods   (  id  ,   count  ,   good_id  ,   material_id  ) VALUES (12, 1, 3, 6);INSERT INTO    materials_to_goods   (  id  ,   count  ,   good_id  ,   material_id  ) VALUES (13, 2, 3, 7);INSERT INTO    materials_to_goods   (  id  ,   count  ,   good_id  ,   material_id  ) VALUES (14, 9, 3, 8);INSERT INTO    materials_to_goods   (  id  ,   count  ,   good_id  ,   material_id  ) VALUES (15, 2, 3, 9);INSERT INTO    materials_to_goods   (  id  ,   count  ,   good_id  ,   material_id  ) VALUES (16, 3, 3, 10);INSERT INTO    materials_to_goods   (  id  ,   count  ,   good_id  ,   material_id  ) VALUES (17, 6, 3, 11);INSERT INTO    materials_to_goods   (  id  ,   count  ,   good_id  ,   material_id  ) VALUES (18, 8, 3, 12);
